"sp","Latin","Genus","Species","Family","SpeciesID","Authority","IDLevel","syn","subsp"
"AAAAAA","Unidentified indet.","Unidentified","indet.","Unknown",1,NA,"multiple",NA,NA
"ACHRPO","Maclurodendron porteri","Maclurodendron","porteri","Rutaceae",3,"(Hook.f.) T.G.Hartley","species",NA,NA
"ACTEEX","Actephila excelsa","Actephila","excelsa","Phyllanthaceae",5,"M<U+0178>ll.Arg.","species",NA,NA
"ACTIML","Actinodaphne malaccensis","Actinodaphne","malaccensis","Lauraceae",7,"Hook.f.","species",NA,NA
"ADENMA","Adenanthera malayana","Adenanthera","malayana","Fabaceae-mimosoideae",9,"Kostem.","species",NA,NA
"ADINDU","Adinandra dumosa","Adinandra","dumosa","Pentaphylacaceae",11,"Jack","species",NA,NA
"AGLA%%","Aglaia indet.","Aglaia","indet.","Meliaceae",13,NA,"multiple",NA,NA
"AGLACH","Aglaia glabriflora","Aglaia","glabriflora","Meliaceae",14,"Hiern","species",NA,NA
"AGLACN","Aglaia crassinervia","Aglaia","crassinervia","Meliaceae",15,"Kurz ex Hiern","species",NA,NA
"AGLAES","Aglaia exstipulata","Aglaia","exstipulata","Meliaceae",16,"(Griff.) Balakr.","species",NA,NA
"AGLAML","Aglaia malaccensis","Aglaia","malaccensis","Meliaceae",19,"(Ridl.) Pannell","species",NA,NA
"AGLAOD","Aglaia odoratissima","Aglaia","odoratissima","Meliaceae",20,"Benth.","species",NA,NA
"AGLARN","Aglaia rufinervis","Aglaia","rufinervis","Meliaceae",22,"(Blume) Bentvelzen","species",NA,NA
"AGROLO","Agrostistachys longifolia","Agrostistachys","longifolia","Euphorbiaceae",29,"Benth. ex Hook.f.","species",NA,NA
"AIDIWA","Aidia wallichiana","Aidia","wallichiana","Rubiaceae",30,"Tirveng.","species",NA,NA
"ALANEB","Alangium javanicum cf. var. javanicum","Alangium","javanicum cf. var. javanicum","Cornaceae",31,NA,"genus",NA,NA
"ALANGR","Alangium griffithii","Alangium","griffithii","Cornaceae",33,"Harms","species",NA,NA
"ALANLO","Alangium longiflorum","Alangium","longiflorum","Cornaceae",34,"Merr.","species",NA,NA
"ALANNO","Alangium nobile","Alangium","nobile","Cornaceae",35,"Harms ex King","species",NA,NA
"ALPHJO","Alphonsea johorensis","Alphonsea","johorensis","Annonaceae",38,"J.Sinclair","species",NA,NA
"ALSTAF","Alstonia angustifolia","Alstonia","angustifolia","Apocynaceae",40,"A.DC.","species",NA,NA
"ALSTAL","Alstonia angustiloba","Alstonia","angustiloba","Apocynaceae",41,"Miq.","species",NA,NA
"ANISDI","Anisophyllea disticha","Anisophyllea","disticha","Anisophylleaceae",44,"Baill.","species",NA,NA
"ANISGR","Anisophyllea griffithii","Anisophyllea","griffithii","Anisophylleaceae",45,"Oliver","species",NA,NA
"ANISME","Anisoptera megistocarpa","Anisoptera","megistocarpa","Dipterocarpaceae",47,"Slooten","species",NA,NA
"ANTICO","Antidesma coriaceum","Antidesma","coriaceum","Phyllanthaceae",48,"Tul.","species",NA,NA
"ANTINE","Antidesma neurocarpum","Antidesma","neurocarpum","Phyllanthaceae",49,"Miq.","species",NA,NA
"APOR%%","Aporosa indet.","Aporosa","indet.","Phyllanthaceae",703,NA,"multiple","Aporusa indet.",NA
"APORBE","Aporosa benthamiana","Aporosa","benthamiana","Phyllanthaceae",704,"Hk.f.","species","Aporusa benthamiana",NA
"APORFA","Aporosa falcifera","Aporosa","falcifera","Phyllanthaceae",705,"Hk.f.","species","Aporusa falcifera",NA
"APORFR","Aporosa frutescens","Aporosa","frutescens","Phyllanthaceae",706,"BI.","species","Aporusa frutescens",NA
"APORLN","Aporosa lunatum","Aporosa","lunatum","Phyllanthaceae",707,"(Miq.)","species","Aporusa lunatum",NA
"APORMI","Aporosa microstachya","Aporosa","microstachya","Phyllanthaceae",709,"(Tul.) M.A.","species","Aporusa microstachya",NA
"APORMQ","Aporosa miqueliana","Aporosa","miqueliana","Phyllanthaceae",710,"M.A.","species","Aporusa miqueliana",NA
"APORNE","Aporosa nervosa","Aporosa","nervosa","Phyllanthaceae",711,"Hk.f.","species","Aporusa nervosa",NA
"APORNI","Aporosa nigricans","Aporosa","nigricans","Phyllanthaceae",712,"Hk.f.","species","Aporusa nigricans",NA
"APORSY","Aporosa symplocoides","Aporosa","symplocoides","Phyllanthaceae",713,"(Hk.f.) Gage","species","Aporusa symplocoides",NA
"AQUIMA","Aquilaria malaccensis","Aquilaria","malaccensis","Thymelaeaceae",63,"Benth.","species",NA,NA
"ARCHBU","Archidendron bubalinum","Archidendron","bubalinum","Fabaceae-mimosoideae",65,"(Jack) I.C.Nielsen","species",NA,NA
"ARCHCL","Archidendron clypearia","Archidendron","clypearia","Fabaceae-mimosoideae",702,"(Jack) I.C.Nielsen","species","Archidendron clyperia",NA
"ARCHCO","Archidendron contortum","Archidendron","contortum","Fabaceae-mimosoideae",67,"(Mart.) I.C.Nielsen","species",NA,NA
"ARCHJI","Archidendron jiringa","Archidendron","jiringa","Fabaceae-mimosoideae",68,"(Jack) I.C.Nielsen","species",NA,NA
"ARDICO","Ardisia colorata","Ardisia","colorata","Myrsinaceae",70,"Roxb.","species",NA,NA
"ARDITY","Ardisia teysmanniana","Ardisia","teysmanniana","Myrsinaceae",71,"Scheff.","species","Ardisia teysmanniana",NA
"ARENWE","Arenga westerhoutii","Arenga","westerhoutii","Arecaceae",73,"Griff.","species",NA,NA
"ARTHDI","Arthrophyllum diversifolium","Arthrophyllum","diversifolium","Araliaceae",74,"(D<U+0160>niker) Philipson","species",NA,NA
"ARTO%%","Artocarpus indet.","Artocarpus","indet.","Moraceae",75,NA,"multiple",NA,NA
"ARTOAN","Artocarpus anisophyllus","Artocarpus","anisophyllus","Moraceae",76,"Miq.","species",NA,NA
"ARTOBO","Artocarpus cf. integer var. silvestris","Artocarpus","cf. integer var. silvestris","Moraceae",77,NA,"genus",NA,NA
"ARTODA","Artocarpus dadah","Artocarpus","dadah","Moraceae",78,"Miq.","species",NA,NA
"ARTOEL","Artocarpus elasticus","Artocarpus","elasticus","Moraceae",79,"Reinw.","species",NA,NA
"ARTOHI","Artocarpus hispidus","Artocarpus","hispidus","Moraceae",82,"Jarrett","species",NA,NA
"ARTOIN","Artocarpus integer","Artocarpus","integer","Moraceae",83,"(Thunb.) Merr.","species",NA,NA
"ARTOKE","Artocarpus kemando","Artocarpus","kemando","Moraceae",84,"Miq.","species",NA,NA
"ARTOLA","Artocarpus lanceifolius","Artocarpus","lanceifolius","Moraceae",85,"Roxb.","species",NA,NA
"ARTOLO","Artocarpus lowii","Artocarpus","lowii","Moraceae",86,"King","species",NA,NA
"ARTORI","Artocarpus rigidus","Artocarpus","rigidus","Moraceae",89,"Blume","species",NA,NA
"ARTOSC","Artocarpus scortechinii","Artocarpus","scortechinii","Moraceae",90,"King","species",NA,NA
"BACCGR","Baccaurea macrocarpa","Baccaurea","macrocarpa","Phyllanthaceae",94,"M<U+0178>ll.Arg.","species",NA,NA
"BACCKU","Baccaurea kunstleri","Baccaurea","kunstleri","Phyllanthaceae",95,"King ex Gage","species",NA,NA
"BACCPA","Baccaurea parviflora","Baccaurea","parviflora","Phyllanthaceae",97,"M<U+0178>ll.Arg.","species",NA,NA
"BACCSU","Baccaurea sumatrana","Baccaurea","sumatrana","Phyllanthaceae",99,"M<U+0178>ll.Arg.","species",NA,NA
"BEILMA","Beilschmiedia madang","Beilschmiedia","madang","Lauraceae",103,"Blume","species",NA,NA
"BHESPA","Bhesa paniculata","Bhesa","paniculata","Celastraceae",104,"Arn.","species",NA,NA
"BHESRO","Bhesa robusta","Bhesa","robusta","Celastraceae",105,"(Roxb.) Ding Hou","species",NA,NA
"BLUMTO","Blumeodendron tokbrai","Blumeodendron","tokbrai","Euphorbiaceae",106,"Kurz ex J.J.Sm.","species",NA,NA
"BOUEOP","Bouea oppositifolia","Bouea","oppositifolia","Anacardiaceae",107,"(Roxb.) Adelb.","species",NA,NA
"BRACHO","Brackenridgea hookeri","Brackenridgea","hookeri","Ochnaceae",108,"(Planch.) A.Gray","species",NA,NA
"BUCHSE","Buchanania sessifolia","Buchanania","sessifolia","Anacardiaceae",110,"Bl.","species",NA,NA
"CALO%%","Calophyllum indet.","Calophyllum","indet.","Clusiaceae",111,NA,"multiple",NA,NA
"CALOBM","Calophyllum ferrugineum","Calophyllum","ferrugineum","Clusiaceae",112,"Merr.","species",NA,NA
"CALOIN","Calophyllum incrassatum","Calophyllum","incrassatum","Clusiaceae",113,"M.R.Hend. & Wyatt-Sm.","species",NA,NA
"CALOPC","Calophyllum pulcherrimum","Calophyllum","pulcherrimum","Clusiaceae",116,"Wall.","species",NA,NA
"CALORB","Calophyllum rubiginosum","Calophyllum","rubiginosum","Clusiaceae",117,"M.R.Hend. & Wyatt-Sm.","species",NA,NA
"CALOTE","Calophyllum tetrapterum","Calophyllum","tetrapterum","Clusiaceae",118,"Miq.","species",NA,NA
"CALOTY","Calophyllum teijsmannii","Calophyllum","teijsmannii","Clusiaceae",119,"Zoll. ex Planch. & Triana","species",NA,NA
"CALOWA","Calophyllum wallichianum","Calophyllum","wallichianum","Clusiaceae",120,"Planch. & Triana","species",NA,NA
"CAMPAU","Campnosperma auriculatum","Campnosperma","auriculatum","Anacardiaceae",121,"Hook.f.","species",NA,NA
"CAMPSQ","Campnosperma squamatum","Campnosperma","squamatum","Anacardiaceae",122,"Ridl.","species",NA,NA
"CANALT","Canarium littorale","Canarium","littorale","Burseraceae",124,"Blume","species",NA,NA
"CANAPA","Canarium patentinervium","Canarium","patentinervium","Burseraceae",125,"Miq.","species",NA,NA
"CANAPI","Canarium pilosum","Canarium","pilosum","Burseraceae",126,"A.W.Benn.","species",NA,NA
"CANTCF","Canthium confertum","Canthium","confertum","Rubiaceae",127,"Korth.","species",NA,NA
"CANTGL","Canthium glabrum","Canthium","glabrum","Rubiaceae",128,"Blume","species",NA,NA
"CARABR","Carallia brachiata","Carallia","brachiata","Rhizophoraceae",129,"(Lour.) Merr.","species",NA,NA
"CARYSP","Caryota mitis","Caryota","mitis","Arecaceae",130,"Herb.","species",NA,NA
"CASECL","Casearia clarkei","Casearia","clarkei","Salicaceae",131,"King","species",NA,NA
"CASTLU","Castanopsis lucida","Castanopsis","lucida","Fagaceae",133,"(Nees) Soepadmo","species",NA,NA
"CASTWA","Castanopsis wallichii","Castanopsis","wallichii","Fagaceae",137,"King ex Hook.f.","species",NA,NA
"CHISP2","Chisocheton patens","Chisocheton","patens","Meliaceae",141,"Blume","species",NA,NA
"CHRYLA","Chrysophyllum lanceolatum","Chrysophyllum","lanceolatum","Sapotaceae",143,"A.DC.","species",NA,NA
"CINNSI","Cinnamomum sintoc","Cinnamomum","sintoc","Lauraceae",146,"Blume","species",NA,NA
"CLERLA","Clerodendrum laevifolium","Clerodendrum","laevifolium","Lamiaceae",148,"Blume","species",NA,NA
"COELGR","Coelostegia griffithii","Coelostegia","griffithii","Malvaceae",149,"Benth.","species",NA,NA
"CRATCO","Cratoxylum cochinchinense","Cratoxylum","cochinchinense","Clusiaceae",152,"Blume","species",NA,NA
"CRATFO","Cratoxylum formosum","Cratoxylum","formosum","Clusiaceae",153,"(Jack) Benth. & Hook.f. ex Dyer","species",NA,NA
"CROTLA","Croton laevifolius","Croton","laevifolius","Euphorbiaceae",155,"Blume","species",NA,NA
"CRY1GR","Crypteronia griffithii","Crypteronia","griffithii","Crypteroniaceae",156,"C.B.Clarke","species",NA,NA
"CRY2CS","Cryptocarya caesia","Cryptocarya","caesia","Lauraceae",700,"Blume","species","Cryptocarya nitens",NA
"CRY2FE","Cryptocarya ferrea","Cryptocarya","ferrea","Lauraceae",157,"Blume","species",NA,NA
"CRY2NI","Cryptocarya nitens","Cryptocarya","nitens","Lauraceae",159,"Koord. & Valeton","species",NA,NA
"CRY2RU","Cryptocarya rugulosa","Cryptocarya","rugulosa","Lauraceae",160,"Hook.f.","species",NA,NA
"CTENPA","Ctenolophon parvifolius","Ctenolophon","parvifolius","Ctenolophonaceae",167,"Oliv.","species",NA,NA
"CYAT%%","Cyathocalyx indet.","Cyathocalyx","indet.","Annonaceae",168,NA,"multiple",NA,NA
"CYATRA","Cyathocalyx ramuliflorus","Cyathocalyx","ramuliflorus","Annonaceae",169,"(Maingay ex Hook.f. & Thomson) Scheff.","species",NA,NA
"DACRCO","Dacryodes costata","Dacryodes","costata","Burseraceae",170,"(A.W.Benn.) H.J.Lam","species",NA,NA
"DACRLA","Dacryodes laxa","Dacryodes","laxa","Burseraceae",173,"(A.W.Benn.) H.J.Lam","species",NA,NA
"DACRLO","Dacryodes longifolia","Dacryodes","longifolia","Burseraceae",174,"(King) H.J.Lam","species",NA,NA
"DACRRO","Dacryodes rostrata","Dacryodes","rostrata","Burseraceae",176,"(Blume) H.J.Lam","species",NA,NA
"DACRRU","Dacryodes rugosa","Dacryodes","rugosa","Burseraceae",177,"(Blume) H.J.Lam","species",NA,NA
"DEHAIN","Dehaasia incrassata","Dehaasia","incrassata","Lauraceae",180,"(Jack) Kosterm.","species",NA,NA
"DIAL%%","Dialium indet.","Dialium","indet.","Fabaceae-caesalpinioideae",181,NA,"multiple",NA,NA
"DIALIN","Dialium indum","Dialium","indum","Fabaceae-caesalpinioideae",183,"L.","species",NA,NA
"DIALPL","Dialium platysepalum","Dialium","platysepalum","Fabaceae-caesalpinioideae",184,"Baker","species",NA,NA
"DILLEX","Dillenia excelsa","Dillenia","excelsa","Dilleniaceae",186,"Martelli","species",NA,NA
"DILLGR","Dillenia grandifolia","Dillenia","grandifolia","Dilleniaceae",187,"Wall.","species",NA,NA
"DIOS%%","Diospyros indet.","Diospyros","indet.","Ebenaceae",190,NA,"multiple",NA,NA
"DIOSAD","Diospyros coriacea","Diospyros","coriacea","Ebenaceae",191,"Hiern","species",NA,NA
"DIOSAR","Diospyros argentea","Diospyros","argentea","Ebenaceae",192,"Griff.","species",NA,NA
"DIOSBU","Diospyros buxifolia","Diospyros","buxifolia","Ebenaceae",193,"Hiern","species",NA,NA
"DIOSCL","Diospyros clavigera","Diospyros","clavigera","Ebenaceae",194,"C.B.Clarke","species",NA,NA
"DIOSCS","Diospyros confusa","Diospyros","confusa","Ebenaceae",195,"Bakh.","species",NA,NA
"DIOSDI","Diospyros diepenhorstii","Diospyros","diepenhorstii","Ebenaceae",197,"Miq.","species",NA,NA
"DIOSLA","Diospyros lanceifolia","Diospyros","lanceifolia","Ebenaceae",199,"Roxb.","species",NA,NA
"DIOSMA","Diospyros maingayi","Diospyros","maingayi","Ebenaceae",200,"(Hiern) Bakh.","species",NA,NA
"DIOSPI","Diospyros pilosanthera","Diospyros","pilosanthera","Ebenaceae",201,"Blanco","species",NA,NA
"DIOSST","Diospyros styraciformis","Diospyros","styraciformis","Ebenaceae",203,"King & Gamble","species",NA,NA
"DIOSVE","Diospyros venosa","Diospyros","venosa","Ebenaceae",204,"Wall.","species",NA,NA
"DIPLMA","Diplospora malaccensis","Diplospora","malaccensis","Rubiaceae",205,"Hook.f.","species",NA,NA
"DIPTCA","Dipterocarpus caudatus subsp. penangianus","Dipterocarpus","caudatus subsp. penangianus","Dipterocarpaceae",206,"(Foxw.) P.S.Ashton","species",NA,NA
"DRACMA","Dracaena maingayi","Dracaena","maingayi","Liliaceae",213,"Hook.f.","species",NA,NA
"DRYPCP","Drypetes crassipes","Drypetes","crassipes","Putranjivaceae",214,"Pax & K.Hoffm.","species",NA,NA
"DRYPLA","Drypetes laevis","Drypetes","laevis","Putranjivaceae",215,"Pax & K.Hoffm.","species",NA,NA
"DRYPLO","Drypetes longifolia","Drypetes","longifolia","Putranjivaceae",216,"Pax & K.Hoffm.","species",NA,NA
"DRYPPE","Drypetes pendula","Drypetes","pendula","Putranjivaceae",217,"Ridl.","species",NA,NA
"DRYPSR","Drypetes sp. nov. non longifolia","Drypetes","sp. nov. non longifolia","Putranjivaceae",220,NA,"genus",NA,NA
"DURIGR","Durio griffithii","Durio","griffithii","Malvaceae",221,"Bakh.","species",NA,NA
"DURISI","Durio singaporensis","Durio","singaporensis","Malvaceae",222,"Ridl.","species",NA,NA
"DYERCO","Dyera costulata","Dyera","costulata","Apocynaceae",224,"Hook.f.","species",NA,NA
"DYSOCY","Dysoxylum cyrtobotryum","Dysoxylum","cyrtobotryum","Meliaceae",227,"Miq.","species",NA,NA
"DYSODE","Dysoxylum densiflorum","Dysoxylum","densiflorum","Meliaceae",228,"Miq.","species",NA,NA
"ELAEFE","Elaeocarpus ferrugineus","Elaeocarpus","ferrugineus","Elaeocarpaceae",231,"Steud.","species",NA,NA
"ELAEMS","Elaeocarpus mastersii","Elaeocarpus","mastersii","Elaeocarpaceae",232,"King","species",NA,NA
"ELAENI","Elaeocarpus nitidus","Elaeocarpus","nitidus","Elaeocarpaceae",233,"Jack","species",NA,NA
"ELAEPE","Elaeocarpus petiolatus","Elaeocarpus","petiolatus","Elaeocarpaceae",234,"(Jack) A.Gray","species",NA,NA
"ELAEPO","Elaeocarpus polystachyus","Elaeocarpus","polystachyus","Elaeocarpaceae",235,"Wall.","species",NA,NA
"ELAEPU","Elaeocarpus floribundus","Elaeocarpus","floribundus","Elaeocarpaceae",236,"Blume","species",NA,NA
"ELAERU","Elaeocarpus rugosus","Elaeocarpus","rugosus","Elaeocarpaceae",237,"Roxb. & G.Don","species",NA,NA
"ELAEST","Elaeocarpus stipularis var. stipularis","Elaeocarpus","stipularis var. stipularis","Elaeocarpaceae",239,"Blume","species",NA,NA
"ELLITO","Ellipanthus tomentosus","Ellipanthus","tomentosus","Connaraceae",240,"Kurz","species",NA,NA
"ENDOMA","Endospermum diadenum","Endospermum","diadenum","Euphorbiaceae",243,"(Miq.) Airy Shaw","species",NA,NA
"EUGE%%","Syzygium indet.","Syzygium","indet.","Myrtaceae",245,NA,"multiple",NA,NA
"EUGE08","Syzygium sp. 8","Syzygium","sp. 8","Myrtaceae",253,"sensu Kochummen","species",NA,NA
"EUGE18","Syzygium species 18","Syzygium","species 18","Myrtaceae",261,NA,"genus",NA,NA
"EUGECL","Syzygium chloroleucum","Syzygium","chloroleucum","Myrtaceae",272,"(King) Masam.","species",NA,NA
"EUGECR","Syzygium chloranthum","Syzygium","chloranthum","Myrtaceae",273,"(Duthie) Merr. & L.M.Perry","species",NA,NA
"EUGEDE","Syzygium pycnanthum","Syzygium","pycnanthum","Myrtaceae",274,"Merr. & L.M.Perry","species",NA,NA
"EUGEDU","Syzygium duthianum","Syzygium","duthianum","Myrtaceae",276,"King","species",NA,NA
"EUGEFI","Syzygium filiforme","Syzygium","filiforme","Myrtaceae",278,"(Duthie) Chantar. & J.Parn.","species",NA,NA
"EUGEFK","Syzygium filiforme-kilat","Syzygium","filiforme-kilat","Myrtaceae",279,NA,"genus",NA,NA
"EUGEGD","Syzygium grande","Syzygium","grande","Myrtaceae",280,"(Wight) N.P.Balakr.","species",NA,NA
"EUGEGL","Syzygium glaucum","Syzygium","glaucum","Myrtaceae",282,"(King) Chantar. & J.Parn.","species",NA,NA
"EUGELO","Syzygium lineatum","Syzygium","lineatum","Myrtaceae",290,"(DC.) Merr. & L.M.Perry","species",NA,NA
"EUGELQ","Syzygium linoceroides","Syzygium","linoceroides","Myrtaceae",291,"(King) I.M.Turner","species",NA,NA
"EUGENG","Syzygium ngadimanianum","Syzygium","ngadimanianum","Myrtaceae",295,"(M.R.Hend.) I.M.Turner","species",NA,NA
"EUGENI","Syzygium nigricans","Syzygium","nigricans","Myrtaceae",296,"(King) Merr. & L.M.Perry","species",NA,NA
"EUGEPF","Syzygium pseudoformosum","Syzygium","pseudoformosum","Myrtaceae",300,"(King) Merr. & L.M.Perry","species",NA,NA
"EUGEPN","Syzygium pendens","Syzygium","pendens","Myrtaceae",302,"(Duthie) I.M.Turner","species",NA,NA
"EUGEPP","Syzygium pauper","Syzygium","pauper","Myrtaceae",303,"(Ridl.) I.M.Turner","species",NA,NA
"EUGEPS","Syzygium cinereum","Syzygium","cinereum","Myrtaceae",305,"(Kurz) Chantar. & J.Parn.","species",NA,NA
"EUGEPU","Syzygium pustulatum","Syzygium","pustulatum","Myrtaceae",306,"(Duthie) Merr.","species",NA,NA
"EUGERU","Syzygium rugosum","Syzygium","rugosum","Myrtaceae",309,"Korth.","species",NA,NA
"EUGESD","Syzygium subdecussatum","Syzygium","subdecussatum","Myrtaceae",311,"(Duthie) I.M.Turner","species",NA,NA
"EUODGL","Melicope glabra","Melicope","glabra","Rutaceae",314,"(Blume) T.G.Hartley","species",NA,NA
"EURYLO","Eurycoma longifolia","Eurycoma","longifolia","Simaroubaceae",316,"Jack","species",NA,NA
"FICUFI","Ficus fistulosa","Ficus","fistulosa","Moraceae",323,"Reinw. ex Blume","species",NA,NA
"FICULP","Ficus lamponga","Ficus","lamponga","Moraceae",327,"Miq.","species",NA,NA
"FICUSF","Ficus scortechinii","Ficus","scortechinii","Moraceae",330,"King","species",NA,NA
"FICUSI","Ficus sinuata","Ficus","sinuata","Moraceae",331,"Thunb.","species",NA,NA
"FICUVR","Ficus variegata","Ficus","variegata","Moraceae",332,"Blume","species",NA,NA
"GAERDB","Gaertnera grisea","Gaertnera","grisea","Rubiaceae",335,"Hook.f. ex C.B.Clarke","species",NA,NA
"GALEFU","Galearia fulva","Galearia","fulva","Pandaceae",336,"Miq.","species",NA,NA
"GALEMA","Galearia maingayi","Galearia","maingayi","Pandaceae",337,"Hook.f.","species",NA,NA
"GARCAT","Garcinia atroviridis","Garcinia","atroviridis","Clusiaceae",339,"Griff. ex T.Anderson","species",NA,NA
"GARCEU","Garcinia eugeniaefolia","Garcinia","eugeniaefolia","Clusiaceae",342,"Wall.","species",NA,NA
"GARCFO","Garcinia forbesii","Garcinia","forbesii","Clusiaceae",343,"King","species",NA,NA
"GARCGR","Garcinia griffithii","Garcinia","griffithii","Clusiaceae",344,"T.Anderson","species",NA,NA
"GARCHO","Garcinia hombroniana","Garcinia","hombroniana","Clusiaceae",345,"Pierre","species",NA,NA
"GARCMG","Garcinia mangostana","Garcinia","mangostana","Clusiaceae",346,"L.","species",NA,NA
"GARCNI","Garcinia nigrolineata","Garcinia","nigrolineata","Clusiaceae",347,"Planch. ex T.Anderson","species",NA,NA
"GARCPA","Garcinia parvifolia","Garcinia","parvifolia","Clusiaceae",348,"Hort. ex Boerl.","species",NA,NA
"GARCSC","Garcinia scortechinii","Garcinia","scortechinii","Clusiaceae",350,"King","species",NA,NA
"GARDTU","Gardenia tubifera","Gardenia","tubifera","Rubiaceae",352,"Wall.","species",NA,NA
"GIRONE","Gironniera nervosa","Gironniera","nervosa","Cannabaceae",353,"Planch.","species",NA,NA
"GIROPA","Gironniera parvifolia","Gironniera","parvifolia","Cannabaceae",354,"Planch.","species",NA,NA
"GIROSU","Gironniera subaequalis","Gironniera","subaequalis","Cannabaceae",355,"Planch.","species",NA,NA
"GLOCHY","Glochidion hypoleucum","Glochidion","hypoleucum","Phyllanthaceae",357,"Hayata","species",NA,NA
"GLUTWA","Gluta wallichii","Gluta","wallichii","Anacardiaceae",359,"(Hook.f.) Ding Hou","species",NA,NA
"GLYCCH","Glycosmis chlorosperma","Glycosmis","chlorosperma","Rutaceae",360,"Spreng.","species",NA,NA
"GNETGN","Gnetum gnemon","Gnetum","gnemon","Gnetaceae",361,"L.","species",NA,NA
"GOM1QU","Gomphandra quadrifida","Gomphandra","quadrifida","Stemonuraceae",362,"(Blume) Sleumer","species","Gomphandra quadrifida",NA
"GOM2SE","Gomphia serrata","Gomphia","serrata","Ochnaceae",363,"(Gaertn.) Kanis","species",NA,NA
"GOMPSE","Gomphia serrata","Gomphia","serrata","Ochnaceae",365,"(Gaertn.) Kanis","species",NA,NA
"GONIMA","Goniothalamus macrophyllus","Goniothalamus","macrophyllus","Annonaceae",366,"Hook.f. & Thoms.","species","Goniothalamus macrophyllus",NA
"GONITA","Goniothalamus tapis","Goniothalamus","tapis","Annonaceae",367,"Miq.","species",NA,NA
"GONYMA","Gonystylus confusus","Gonystylus","confusus","Thymelaeaceae",370,"Airy Shaw","species",NA,NA
"GORDSI","Gordonia singaporiana","Gordonia","singaporiana","Theaceae",372,"Wall.","species",NA,NA
"GREWBL","Microcos blattaefolia","Microcos","blattaefolia","Malvaceae",373,"(Corner) Rao","species",NA,NA
"GUIOPU","Guioa pubescens","Guioa","pubescens","Sapindaceae",374,"Radlk.","species",NA,NA
"GYMNFA","Gymnacranthera farquhariana","Gymnacranthera","farquhariana","Myristicaceae",377,"Warb.","species",NA,NA
"GYMNFO","Gymnacranthera forbesii","Gymnacranthera","forbesii","Myristicaceae",378,"Warb.","species",NA,NA
"GYNOAX","Gynotroches axillaris","Gynotroches","axillaris","Rhizophoraceae",379,"Blume","species",NA,NA
"HERIBO","Heritiera borneensis","Heritiera","borneensis","Malvaceae",380,"(Merr.) Kosterm.","species",NA,NA
"HERIEL","Heritiera elata","Heritiera","elata","Malvaceae",381,"Ridl.","species",NA,NA
"HOPEGR","Hopea griffithii","Hopea","griffithii","Dipterocarpaceae",385,"Kurz","species",NA,NA
"HOPEME","Hopea mengarawan","Hopea","mengarawan","Dipterocarpaceae",386,"Miq.","species",NA,NA
"HORSPF","Horsfieldia punctatifolia","Horsfieldia","punctatifolia","Myristicaceae",394,"J.Sinclair","species",NA,NA
"HORSPO","Horsfieldia polyspherula","Horsfieldia","polyspherula","Myristicaceae",395,"(Hook.f.) J.Sinclair","species",NA,NA
"HORSWA","Horsfieldia wallichii","Horsfieldia","wallichii","Myristicaceae",399,"Warb.","species",NA,NA
"ILEXMA","Ilex macrophylla","Ilex","macrophylla","Aquifoliaceae",401,"Blume","species",NA,NA
"IRVIMA","Irvingia malayana","Irvingia","malayana","Irvingiaceae",404,"Oliver ex A.Benn.","species",NA,NA
"IXONIC","Ixonanthes icosandra","Ixonanthes","icosandra","Ixonanthaceae",406,"Jack","species",NA,NA
"IXONRE","Ixonanthes reticulata","Ixonanthes","reticulata","Ixonanthaceae",407,"Jack","species",NA,NA
"IXORJV","Ixora javanica","Ixora","javanica","Rubiaceae",408,"DC.","species",NA,NA
"IXORPE","Ixora pendula","Ixora","pendula","Rubiaceae",411,"Jack","species",NA,NA
"KIBACO","Kibara coriacea","Kibara","coriacea","Monimiaceae",412,"(Blume) Hook.f. & Thomson","species",NA,NA
"KNEMCI","Knema cinerea","Knema","cinerea","Myristicaceae",414,"Warb.","species",NA,NA
"KNEMHO","Knema hookeriana","Knema","hookeriana","Myristicaceae",416,"Warb.","species",NA,NA
"KNEMLA","Knema laurina","Knema","laurina","Myristicaceae",417,"Warb.","species",NA,NA
"KNEMLT","Knema latericia","Knema","latericia","Myristicaceae",418,"Elmer","species",NA,NA
"KNEMPA","Knema patentinervia","Knema","patentinervia","Myristicaceae",419,"(Sinclair) W.J.de Wilde","species",NA,NA
"KOILLO","Koilodepas longifolium","Koilodepas","longifolium","Euphorbiaceae",420,"Hook.f.","species",NA,NA
"KOKORE","Kokoona reflexa","Kokoona","reflexa","Celastraceae",421,"(M.A.Lawson) Ding Hou","species",NA,NA
"KOOMMA","Koompassia malaccensis","Koompassia","malaccensis","Fabaceae-caesalpinioideae",422,"Maingay","species",NA,NA
"LASIAT","Lasianthus ellipticus","Lasianthus","ellipticus","Rubiaceae",425,"Kuntze","species",NA,NA
"LASIEL","Lasianthus ellipticus","Lasianthus","ellipticus","Rubiaceae",426,"Kuntze","species",NA,NA
"LEPIFR","Lepisanthes fruticosa","Lepisanthes","fruticosa","Sapindaceae",428,"(Roxb.) Leenh.","species",NA,NA
"LICASL","Licania splendens","Licania","splendens","Chrysobalanaceae",429,"(Korth. & sine ref.) Prance & Kosterm.","species",NA,NA
"LITHEL","Lithocarpus elegans","Lithocarpus","elegans","Fagaceae",433,"(Blume) Hatus. ex Soepadmo","species",NA,NA
"LITHEW","Lithocarpus ewyckii","Lithocarpus","ewyckii","Fagaceae",435,"Rehder","species",NA,NA
"LITSAC","Litsea accedens","Litsea","accedens","Lauraceae",441,"Boerl.","species","Litsea accedens",NA
"LITSCA","Litsea castanea","Litsea","castanea","Lauraceae",442,"Hook.f.","species",NA,NA
"LITSEL","Litsea elliptica","Litsea","elliptica","Lauraceae",444,"Blume","species",NA,NA
"LITSFI","Litsea firma","Litsea","firma","Lauraceae",446,"Hook.f.","species",NA,NA
"LITSGR","Litsea grandis","Litsea","grandis","Lauraceae",447,"Hook.f.","species",NA,NA
"LITSMC","Litsea machilifolia","Litsea","machilifolia","Lauraceae",449,"Gamble","species",NA,NA
"LITSRI","Litsea ridleyi","Litsea","ridleyi","Lauraceae",450,"Gamble","species",NA,NA
"LOPHBE","Lophopetalum beccarianum","Lophopetalum","beccarianum","Celastraceae",451,"Pierre & Ridl.","species",NA,NA
"LOPHWI","Lophopetalum wightianum","Lophopetalum","wightianum","Celastraceae",453,"Arn.","species",NA,NA
"MACA%%","Macaranga indet.","Macaranga","indet.","Euphorbiaceae",454,NA,"multiple",NA,NA
"MACABA","Macaranga bancana","Macaranga","bancana","Euphorbiaceae",455,"M<U+0178>ll.Arg.","species",NA,NA
"MACACO","Macaranga conifera","Macaranga","conifera","Euphorbiaceae",456,"M<U+0178>ll.Arg.","species",NA,NA
"MACAGI","Macaranga gigantea","Macaranga","gigantea","Euphorbiaceae",457,"M<U+0178>ll.Arg.","species",NA,NA
"MACAHY","Macaranga hypoleuca","Macaranga","hypoleuca","Euphorbiaceae",458,"M<U+0178>ll.Arg.","species",NA,NA
"MACALO","Macaranga lowii","Macaranga","lowii","Euphorbiaceae",459,"King ex Hook.f.","species",NA,NA
"MADHKO","Madhuca korthalsii","Madhuca","korthalsii","Sapotaceae",462,"H.J.Lam","species",NA,NA
"MADHMA","Madhuca malaccensis","Madhuca","malaccensis","Sapotaceae",463,"H.J.Lam","species",NA,NA
"MADHSR","Palaquium impressinervium","Palaquium","impressinervium","Sapotaceae",464,"Ng","species",NA,NA
"MAESRA","Maesa ramentacea","Maesa","ramentacea","Maesaceae",465,"Wall.","species",NA,NA
"MAGNEL","Magnolia elegans","Magnolia","elegans","Magnoliaceae",466,"(Bl.) H.Keng","species",NA,NA
"MALLPE","Mallotus penangensis","Mallotus","penangensis","Euphorbiaceae",467,"M<U+0178>ll.Arg.","species",NA,NA
"MARACO","Maranthes corymbosa","Maranthes","corymbosa","Chrysobalanaceae",475,"Blume","species",NA,NA
"MASTSC","Mastixia scortechinii","Mastixia","scortechinii","Nyssaceae",476,"King","species",NA,NA
"MATHSA","Matthaea sancta","Matthaea","sancta","Monimiaceae",478,"Blume","species",NA,NA
"MEIOVI","Meiogyne virgata","Meiogyne","virgata","Annonaceae",479,"Miq.","species",NA,NA
"MEMEAM","Memecylon amplexicaule","Memecylon","amplexicaule","Melastomataceae",484,"Roxb.","species",NA,NA
"MEMECA","Memecylon campanulatum","Memecylon","campanulatum","Melastomataceae",485,"C.B.Clarke","species",NA,NA
"MEMEDI","Memecylon dichotomum","Memecylon","dichotomum","Melastomataceae",487,"C.B.Clarke ex King","species",NA,NA
"MEMEMG","Memecylon megacarpum","Memecylon","megacarpum","Melastomataceae",488,"Furtado","species",NA,NA
"MEMEMI","Memecylon minutiflorum","Memecylon","minutiflorum","Melastomataceae",489,"Miq.","species",NA,NA
"MEMEOL","Memecylon oligoneuron","Memecylon","oligoneuron","Melastomataceae",490,"Blume","species",NA,NA
"MEMEPU","Memecylon pubescens","Memecylon","pubescens","Melastomataceae",491,"King","species",NA,NA
"MEZZLE","Mezzettia parviflora","Mezzettia","parviflora","Annonaceae",492,"Becc.","species",NA,NA
"MICRCA","Microdesmis caseariifolia","Microdesmis","caseariifolia","Pandaceae",494,"Planch. ex Hook.","species",NA,NA
"MILLAT","Millettia atropurpurea","Millettia","atropurpurea","Fabaceae-papilionoideae",495,"Benth.","species",NA,NA
"MONOMA","Monocarpia marginalis","Monocarpia","marginalis","Annonaceae",497,"(R. Scheffer) James Sincl.","species",NA,NA
"MYRICI","Myristica cinnamomea","Myristica","cinnamomea","Myristicaceae",498,"King","species",NA,NA
"MYRIEL","Myristica elliptica","Myristica","elliptica","Myristicaceae",499,"Wall. ex Hook.f. & Thomson","species",NA,NA
"MYRIMA","Myristica maingayi","Myristica","maingayi","Myristicaceae",501,"Hook.f.","species",NA,NA
"NAUCOF","Nauclea officinalis","Nauclea","officinalis","Rubiaceae",503,"(Pierre ex Pit.) N.N.Tran","species",NA,NA
"NEOLZE","Neolitsea zeylanica","Neolitsea","zeylanica","Lauraceae",506,"(Nees & T.Nees) Merr.","species",NA,NA
"NEOSKI","Neoscortechinia kingii","Neoscortechinia","kingii","Euphorbiaceae",508,"Pax & K.Hoffm.","species",NA,NA
"NEPH%%","Nephelium indet.","Nephelium","indet.","Sapindaceae",510,NA,"multiple",NA,NA
"NEPHCO","Nephelium costatum","Nephelium","costatum","Sapindaceae",511,"Hiern","species",NA,NA
"NEPHLA","Nephelium lappaceum","Nephelium","lappaceum","Sapindaceae",513,"L.","species",NA,NA
"NOTHUM","Nothaphoebe umbelliflora","Nothaphoebe","umbelliflora","Lauraceae",517,"Blume","species",NA,NA
"OCHAAM","Ochanostachys amentacea","Ochanostachys","amentacea","Olacaceae",518,"Mast.","species",NA,NA
"ONC1MO","Meiogyne monosperma","Meiogyne","monosperma","Annonaceae",519,"(Hook.f. & Thomson) Heusden","species",NA,NA
"ONC2HO","Oncosperma horridum","Oncosperma","horridum","Arecaceae",520,"Scheff.","species",NA,NA
"OROPCG","Orophea creaghii","Orophea","creaghii","Annonaceae",523,"(Ridl.) Leonard<U+2019>a & Kessler","species",NA,NA
"OSMEPH","Osmelia philippina","Osmelia","philippina","Salicaceae",525,"F.-Villar","species",NA,NA
"PALAGU","Palaquium gutta","Palaquium","gutta","Sapotaceae",526,"Burck","species",NA,NA
"PALAKI","Madhuca kingiana","Madhuca","kingiana","Sapotaceae",528,"H.J.Lam","species",NA,NA
"PALAMI","Palaquium microphyllum","Palaquium","microphyllum","Sapotaceae",529,"King & Gamble","species",NA,NA
"PALAOB","Palaquium obovatum","Palaquium","obovatum","Sapotaceae",530,"King & Gamble","species",NA,NA
"PALAOX","Palaquium oxyleyanum","Palaquium","oxyleyanum","Sapotaceae",531,"Pierre","species",NA,NA
"PANDDP","Pandanus sp.","Pandanus","sp.","Pandanaceae",533,NA,"genus",NA,NA
"PAR1IN","Parishia insignis","Parishia","insignis","Anacardiaceae",536,"Hook.f.","species",NA,NA
"PAR1MA","Parishia maingayi","Parishia","maingayi","Anacardiaceae",537,"Hook.f.","species",NA,NA
"PAR1PA","Parishia paucijuga","Parishia","paucijuga","Anacardiaceae",538,"Engl.","species",NA,NA
"PAR2EL","Parinari elmeri","Parinari","elmeri","Chrysobalanaceae",540,"Merr.","species",NA,NA
"PARKSP","Parkia speciosa","Parkia","speciosa","Fabaceae-mimosoideae",548,"Hassk.","species",NA,NA
"PAYELU","Payena lucida","Payena","lucida","Sapotaceae",550,"Herb.Traj. ex Pierre","species",NA,NA
"PAYEMA","Payena maingayi","Payena","maingayi","Sapotaceae",551,"C.B.Clarke","species",NA,NA
"PELLSA","Pellacalyx saccardianus","Pellacalyx","saccardianus","Rhizophoraceae",553,"Scort.","species",NA,NA
"PENTLA","Pentace triptera","Pentace","triptera","Malvaceae",554,"Mast.","species",NA,NA
"PHAEOP","Phaeanthus ophthalmicus","Phaeanthus","ophthalmicus","Annonaceae",556,"(Roxb. ex G.Don) J.Sinclair","species",NA,NA
"PIMEGR","Pimelodendron griffithianum","Pimelodendron","griffithianum","Euphorbiaceae",558,"(M.A) Benth.","species",NA,NA
"PINANG","Pinanga sp.","Pinanga","sp.","Arecaceae",559,NA,"genus",NA,NA
"PITHEL","Archidendron ellipticum","Archidendron","ellipticum","Fabaceae-mimosoideae",560,"(Blume) I.C.Nielsen","species",NA,NA
"PITHSL","Albizia splendens","Albizia","splendens","Fabaceae-mimosoideae",561,"Miq.","species",NA,NA
"PLANMA","Pouteria maingayi","Pouteria","maingayi","Sapotaceae",562,"(C.B.Clarke) Baehni","species",NA,NA
"POL2KI","Polyosma kingiana","Polyosma","kingiana","Polyosmaceae",564,"Schltr.","species",NA,NA
"POLY%%","Polyalthia indet.","Polyalthia","indet.","Annonaceae",565,NA,"multiple",NA,NA
"POLYAN","Polyalthia angustissima","Polyalthia","angustissima","Annonaceae",566,"Ridl.","species",NA,NA
"POLYCA","Polyalthia cauliflora","Polyalthia","cauliflora","Annonaceae",567,"Hook.f. & Thomson","species",NA,NA
"POLYGL","Polyalthia glauca","Polyalthia","glauca","Annonaceae",568,"Boerl.","species",NA,NA
"POLYHY","Polyalthia hypoleuca","Polyalthia","hypoleuca","Annonaceae",569,"Hook.f. & Thomson","species",NA,NA
"POLYMA","Polyalthia macropoda","Polyalthia","macropoda","Annonaceae",573,"King","species",NA,NA
"POLYRU","Polyalthia rumphii","Polyalthia","rumphii","Annonaceae",574,"Merr.","species",NA,NA
"POPOPI","Popowia pisocarpa","Popowia","pisocarpa","Annonaceae",576,"Endl.","species",NA,NA
"POPOTO","Popowia tomentosa","Popowia","tomentosa","Annonaceae",577,"Maingay ex Hook.f. & Thomson","species",NA,NA
"PORTAN","Porterandia anisophylla","Porterandia","anisophylla","Rubiaceae",578,"(Jack ex Roxb.) Ridl.","species",NA,NA
"POUTMA","Pouteria malaccensis","Pouteria","malaccensis","Sapotaceae",579,"(C.B.Clarke) Baehni","species",NA,NA
"PRISGL","Prismatomeris glabra","Prismatomeris","glabra","Rubiaceae",580,"(Korth.) Valeton & Ridl.","species",NA,NA
"PRUNAR","Prunus arborea","Prunus","arborea","Rosaceae",581,"(Blume) Kalkman","species",NA,NA
"PRUNPO","Prunus polystachya","Prunus","polystachya","Rosaceae",582,"(Hook.f.) Kalkman","species",NA,NA
"PSYCS1","Psychotria species 1","Psychotria","species 1","Rubiaceae",586,NA,"genus",NA,NA
"PTE1CO","Pternandra coerulescens","Pternandra","coerulescens","Melastomataceae",588,"Jack","species",NA,NA
"PTE1EC","Pternandra echinata","Pternandra","echinata","Melastomataceae",589,"Jack","species",NA,NA
"PTYCCA","Ptychopyxis caput-medusae","Ptychopyxis","caput-medusae","Euphorbiaceae",596,"Ridl.","species",NA,NA
"QUERAR","Quercus argentata","Quercus","argentata","Fagaceae",597,"Korth.","species",NA,NA
"RADEPI","Radermachera pinnata","Radermachera","pinnata","Bignoniaceae",598,"Seem.","species",NA,NA
"RHODCI","Rhodamnia cinera","Rhodamnia","cinera","Myrtaceae",599,"Jack","species",NA,NA
"ROTHMA","Rothmannia macrophylla","Rothmannia","macrophylla","Rubiaceae",601,"(Hook.f.) Bremek.","species",NA,NA
"SABIGI","Meliosma lanceolata var. lanceolata","Meliosma","lanceolata var. lanceolata","Sabiaceae",602,"Blume","species",NA,NA
"SANDBE","Sandoricum beccarianum","Sandoricum","beccarianum","Meliaceae",603,"Baill.","species",NA,NA
"SANDKO","Sandoricum koetjape","Sandoricum","koetjape","Meliaceae",604,"Merr.","species",NA,NA
"SANT%%","Santiria indet.","Santiria","indet.","Burseraceae",605,NA,"multiple",NA,NA
"SANTAP","Santiria apiculata","Santiria","apiculata","Burseraceae",606,"A.W.Benn.","species",NA,NA
"SANTGR","Santiria griffithii","Santiria","griffithii","Burseraceae",607,"Engl.","species",NA,NA
"SANTLA","Santiria laevigata","Santiria","laevigata","Burseraceae",608,"Blume","species",NA,NA
"SANTRU","Santiria rubiginosa","Santiria","rubiginosa","Burseraceae",612,"Blume","species",NA,NA
"SAPRGL","Saprosma glomerulatum","Saprosma","glomerulatum","Rubiaceae",616,"King & Gamble","species",NA,NA
"SCAPMA","Scaphium macropodum","Scaphium","macropodum","Malvaceae",618,"Beumee ex K.Heyne","species",NA,NA
"SCLEWA","Scleropyrum wallichianum","Scleropyrum","wallichianum","Santalaceae",619,"Arn.","species",NA,NA
"SCORBO","Scorodocarpus borneensis","Scorodocarpus","borneensis","Erythropalaceae",620,"Becc.","species",NA,NA
"SHORCU","Shorea curtisii","Shorea","curtisii","Dipterocarpaceae",622,"Dyer ex King","species",NA,NA
"SHORHB","Shorea hybrid curtisii x leprosula","Shorea","hybrid curtisii x leprosula","Dipterocarpaceae",625,NA,"genus",NA,NA
"SHORLE","Shorea leprosula","Shorea","leprosula","Dipterocarpaceae",628,"Miq.","species",NA,NA
"SHOROC","Shorea ochrophloia","Shorea","ochrophloia","Dipterocarpaceae",630,"Strugnell ex Desch","species",NA,NA
"SINDCO","Sindora coriacea","Sindora","coriacea","Fabaceae-caesalpinioideae",635,"Prain","species",NA,NA
"SINDEC","Sindora echinocalyx","Sindora","echinocalyx","Fabaceae-caesalpinioideae",636,"Prain","species",NA,NA
"STEMMA","Stemonurus malaccensis","Stemonurus","malaccensis","Stemonuraceae",642,"(Mast.) Sleumer","species",NA,NA
"STERCO","Sterculia coccinea","Sterculia","coccinea","Malvaceae",643,"Roxb. & G.Don","species",NA,NA
"STERPL","Sterculia parviflora","Sterculia","parviflora","Malvaceae",645,"(Ducke) E.L.Taylor ex Brako & Zarucchi","species",NA,NA
"STERRU","Sterculia rubiginosa","Sterculia","rubiginosa","Malvaceae",646,"Zoll. ex Miq.","species",NA,NA
"STREEL","Streblus elongatus","Streblus","elongatus","Moraceae",647,"(Miq.) Corner","species",NA,NA
"STROCE","Strombosia ceylanica","Strombosia","ceylanica","Erythropalaceae",648,"Gardn.","species",NA,NA
"STROJA","Strombosia javanica","Strombosia","javanica","Erythropalaceae",649,"Blume","species",NA,NA
"SWINSC","Swintonia schwenkii","Swintonia","schwenkii","Anacardiaceae",650,"eijsm. & Binn.","species",NA,NA
"SYMPCO","Symplocos cochinchinensis","Symplocos","cochinchinensis","Symplocaceae",651,"(Lour.) S.Moore","species",NA,NA
"SYMPFA","Symplocos fasciculata","Symplocos","fasciculata","Symplocaceae",652,"Roxb. ex Vesque.","species",NA,NA
"SYZYSI","Syzygium singaporense","Syzygium","singaporense","Myrtaceae",653,"(King) Airy Shaw","species",NA,NA
"TARECO","Tarenna costata","Tarenna","costata","Rubiaceae",655,"Merr.","species",NA,NA
"TEIJCO","Teijsmanniodendron coriaceum","Teijsmanniodendron","coriaceum","Lamiaceae",656,"(C.B.Clarke) Kosterm.","species",NA,NA
"TERMSU","Terminalia subspathulata","Terminalia","subspathulata","Combretaceae",660,"King","species",NA,NA
"TIMOWA","Timonius wallichianus","Timonius","wallichianus","Rubiaceae",661,"Valeton","species",NA,NA
"TRI2MA","Trigonopleura malayana","Trigonopleura","malayana","Euphorbiaceae",662,"Hook.f.","species",NA,NA
"TRI3LO","Trigonostemon longifolius","Trigonostemon","longifolius","Euphorbiaceae",663,"Baill.","species",NA,NA
"TRIOMA","Triomma malaccensis","Triomma","malaccensis","Burseraceae",666,"Hook.f.","species",NA,NA
"UROPBL","Urophyllum blumeanum","Urophyllum","blumeanum","Rubiaceae",668,"Hook.f.","species",NA,NA
"UROPGL","Urophyllum glabrum","Urophyllum","glabrum","Rubiaceae",669,"Wall.","species",NA,NA
"UROPHI","Urophyllum hirsutum","Urophyllum","hirsutum","Rubiaceae",670,"Hook.f.","species",NA,NA
"VATIMA","Vatica maingayi","Vatica","maingayi","Dipterocarpaceae",671,"Dyer","species",NA,NA
"VATIRI","Vatica ridleyana","Vatica","ridleyana","Dipterocarpaceae",673,"Brandis","species",NA,NA
"VITEPI","Vitex pinnata","Vitex","pinnata","Lamiaceae",675,"L.","species",NA,NA
"VITEQU","Vitex quinata","Vitex","quinata","Lamiaceae",676,"Druce","species",NA,NA
"WALSCG","Walsura chrysogyne","Walsura","chrysogyne","Meliaceae",677,"(Miq.) Bakh.f.apud van Steenis","species",NA,NA
"XANTAM","Xanthophyllum amoenum","Xanthophyllum","amoenum","Polygalaceae",682,"Chodat","species",NA,NA
"XANTDC","Xanthophyllum discolor","Xanthophyllum","discolor","Polygalaceae",683,"Chodat","species",NA,NA
"XANTEL","Xanthophyllum ellipticum","Xanthophyllum","ellipticum","Polygalaceae",684,"Korth. ex Miq.","species",NA,NA
"XANTEU","Xanthophyllum eurhynchum","Xanthophyllum","eurhynchum","Polygalaceae",685,"Miq.","species",NA,NA
"XANTGR","Xanthophyllum griffithii","Xanthophyllum","griffithii","Polygalaceae",687,"Hook.f. ex A.W.Benn.","species",NA,NA
"XANTST","Xanthophyllum stipitatum","Xanthophyllum","stipitatum","Polygalaceae",690,"A.W.Benn.","species",NA,NA
"XERONO","Xerospermum noronhianum","Xerospermum","noronhianum","Sapindaceae",691,"Blume","species",NA,NA
"XYLOCA","Xylopia caudata","Xylopia","caudata","Annonaceae",692,"Hook.f. & Thomson","species",NA,NA
"XYLOMA","Xylopia malayana","Xylopia","malayana","Annonaceae",695,"Hook.f. & Thomson","species",NA,NA
"XYLOMG","Xylopia magna","Xylopia","magna","Annonaceae",696,"Maingay ex Hook.f.","species",NA,NA
